{
  "version": 1,
  "author": "Anonymous maker",
  "editor": "wokwi",
  "parts": [
    { "type": "wokwi-breadboard-half", "id": "bb1", "top": -137.4, "left": -64.4, "attrs": {} },
    { "type": "wokwi-arduino-uno", "id": "uno", "top": 135, "left": -29.4, "attrs": {} },
    { "type": "wokwi-dht22", "id": "dht1", "top": -201.3, "left": 90.6, "attrs": {} },
    {
      "type": "wokwi-buzzer",
      "id": "bz1",
      "top": -103.2,
      "left": 30.6,
      "attrs": { "volume": "0.1" }
    },
    { "type": "wokwi-led", "id": "led1", "top": -61.2, "left": 3.8, "attrs": { "color": "red" } },
    {
      "type": "wokwi-resistor",
      "id": "r1",
      "top": -14.95,
      "left": -30.2,
      "rotate": 180,
      "attrs": { "value": "1000" }
    }
  ],
  "connections": [
    [ "uno:5V", "bb1:bp.1", "red", [ "v57.5", "h-188.2", "v-19.2" ] ],
    [ "uno:GND.1", "bb1:bn.1", "black", [ "v-48", "h-114.9" ] ],
    [ "bb1:bp.25", "bb1:tp.25", "green", [ "v0" ] ],
    [ "bb1:bn.25", "bb1:tn.25", "green", [ "v0" ] ],
    [ "bz1:1", "bb1:11b.f", "", [ "$bb" ] ],
    [ "bz1:2", "bb1:12b.f", "", [ "$bb" ] ],
    [ "dht1:VCC", "bb1:16t.a", "", [ "$bb" ] ],
    [ "dht1:SDA", "bb1:17t.a", "", [ "$bb" ] ],
    [ "dht1:NC", "bb1:18t.a", "", [ "$bb" ] ],
    [ "dht1:GND", "bb1:19t.a", "", [ "$bb" ] ],
    [ "led1:C", "bb1:bn.5", "green", [ "v0" ] ],
    [ "dht1:VCC", "bb1:bp.13", "red", [ "v0" ] ],
    [ "bb1:17t.b", "uno:7", "green", [ "v182.4", "h48" ] ],
    [ "dht1:GND", "bb1:bn.15", "black", [ "v144", "h-9.6" ] ],
    [ "uno:9", "r1:2", "green", [ "v-28.8", "h-143.2" ] ],
    [ "led1:A", "bb1:8b.f", "", [ "$bb" ] ],
    [ "led1:C", "bb1:7b.f", "", [ "$bb" ] ],
    [ "r1:1", "bb1:8b.g", "", [ "$bb" ] ],
    [ "r1:2", "bb1:2b.g", "", [ "$bb" ] ],
    [ "bz1:1", "bb1:bn.8", "green", [ "v0" ] ],
    [ "bb1:12b.g", "uno:8", "green", [ "v96", "h19.2" ] ]
  ],
  "dependencies": {}
}